{"0": {"area": 2183.0, "perimeter": 192.0, "circleness": 0.5730843945304089, "rectangleness": 0.9574561403508772, "H": 38, "W": 60, "xTile": 409, "yTile": 7476, "class": 35}, "1": {"area": 3034.0, "perimeter": 230.0, "circleness": 0.5397487504405798, "rectangleness": 0.9631746031746031, "H": 42, "W": 75, "xTile": 6034, "yTile": 7395, "class": 28}, "2": {"area": 1530.0, "perimeter": 162.0, "circleness": 0.5564235285137066, "rectangleness": 0.9491315136476427, "H": 31, "W": 52, "xTile": 1473, "yTile": 7262, "class": 2}, "3": {"area": 4704.0, "perimeter": 308.0, "circleness": 0.4185969471571629, "rectangleness": 0.9681004321876929, "H": 43, "W": 113, "xTile": 2149, "yTile": 7255, "class": 29}, "4": {"area": 3003.0, "perimeter": 232.0, "circleness": 0.5132230356812735, "rectangleness": 0.9625, "H": 40, "W": 78, "xTile": 2062, "yTile": 7254, "class": 36}, "5": {"area": 5885.0, "perimeter": 324.0, "circleness": 0.5176849913704287, "rectangleness": 0.9730489417989417, "H": 56, "W": 108, "xTile": 3972, "yTile": 7020, "class": 37}, "6": {"area": 9313.0, "perimeter": 412.0, "circleness": 0.49801019570856564, "rectangleness": 0.9782563025210084, "H": 68, "W": 140, "xTile": 4104, "yTile": 7012, "class": 38}, "7": {"area": 2745.0, "perimeter": 212.0, "circleness": 0.6082519976351647, "rectangleness": 0.9624824684431977, "H": 46, "W": 62, "xTile": 9390, "yTile": 7000, "class": 28}, "8": {"area": 1551.0, "perimeter": 160.0, "circleness": 0.5987799711478224, "rectangleness": 0.9503676470588235, "H": 34, "W": 48, "xTile": 8992, "yTile": 6993, "class": 39}, "9": {"area": 700.0, "perimeter": 106.0, "circleness": 0.6325452257015847, "rectangleness": 0.9283819628647215, "H": 29, "W": 26, "xTile": 9009, "yTile": 6884, "class": 40}, "10": {"area": 4294.0, "perimeter": 302.0, "circleness": 0.38466614108580627, "rectangleness": 0.9658119658119658, "H": 39, "W": 114, "xTile": 719, "yTile": 6865, "class": 29}, "11": {"area": 2923.0, "perimeter": 232.0, "circleness": 0.48904778011261363, "rectangleness": 0.9615131578947368, "H": 38, "W": 80, "xTile": 628, "yTile": 6863, "class": 36}, "12": {"area": 1705.0, "perimeter": 172.0, "circleness": 0.5446198356425814, "rectangleness": 0.9514508928571429, "H": 32, "W": 56, "xTile": 9409, "yTile": 6698, "class": 41}, "13": {"area": 7645.0, "perimeter": 388.0, "circleness": 0.435597805719183, "rectangleness": 0.9751275510204082, "H": 56, "W": 140, "xTile": 2924, "yTile": 6576, "class": 31}, "14": {"area": 9585.0, "perimeter": 412.0, "circleness": 0.52453968143072, "rectangleness": 0.9788602941176471, "H": 72, "W": 136, "xTile": 2762, "yTile": 6570, "class": 42}, "15": {"area": 1054.0, "perimeter": 130.0, "circleness": 0.6339063688858927, "rectangleness": 0.9410714285714286, "H": 32, "W": 35, "xTile": 8901, "yTile": 6529, "class": 40}, "16": {"area": 1885.0, "perimeter": 188.0, "circleness": 0.47375390902153064, "rectangleness": 0.952020202020202, "H": 30, "W": 66, "xTile": 5806, "yTile": 6448, "class": 28}, "17": {"area": 1020.0, "perimeter": 128.0, "circleness": 0.6316585391632823, "rectangleness": 0.9400921658986175, "H": 31, "W": 35, "xTile": 8848, "yTile": 6368, "class": 40}, "18": {"area": 1829.0, "perimeter": 180.0, "circleness": 0.5242539010215052, "rectangleness": 0.9526041666666667, "H": 32, "W": 60, "xTile": 5770, "yTile": 6283, "class": 2}, "19": {"area": 2040.0, "perimeter": 188.0, "circleness": 0.5461285789434497, "rectangleness": 0.955503512880562, "H": 35, "W": 61, "xTile": 1048, "yTile": 6255, "class": 28}, "20": {"area": 2520.0, "perimeter": 214.0, "circleness": 0.5006304224858893, "rectangleness": 0.958904109589041, "H": 36, "W": 73, "xTile": 692, "yTile": 6199, "class": 43}, "21": {"area": 546.0, "perimeter": 94.0, "circleness": 0.6223624706359653, "rectangleness": 0.9191919191919192, "H": 27, "W": 22, "xTile": 8883, "yTile": 6107, "class": 0}, "22": {"area": 4619.0, "perimeter": 360.0, "circleness": 0.2539100280271656, "rectangleness": 0.9622916666666667, "H": 32, "W": 150, "xTile": 9222, "yTile": 6100, "class": 28}, "23": {"area": 4543.0, "perimeter": 272.0, "circleness": 0.6146960377314262, "rectangleness": 0.9707264957264957, "H": 60, "W": 78, "xTile": 9180, "yTile": 5988, "class": 2}, "24": {"area": 3713.0, "perimeter": 252.0, "circleness": 0.5594682809265527, "rectangleness": 0.9669270833333333, "H": 48, "W": 80, "xTile": 9384, "yTile": 5966, "class": 28}, "25": {"area": 1785.0, "perimeter": 172.0, "circleness": 0.5940179686887641, "rectangleness": 0.9535256410256411, "H": 36, "W": 52, "xTile": 894, "yTile": 5844, "class": 2}, "26": {"area": 1950.0, "perimeter": 178.0, "circleness": 0.6174573194086981, "rectangleness": 0.9558823529411765, "H": 40, "W": 51, "xTile": 8168, "yTile": 5795, "class": 39}, "27": {"area": 7920.0, "perimeter": 398.0, "circleness": 0.4243931954078691, "rectangleness": 0.9753694581280788, "H": 56, "W": 145, "xTile": 2058, "yTile": 5568, "class": 31}, "28": {"area": 1537.0, "perimeter": 164.0, "circleness": 0.5361511665389624, "rectangleness": 0.9487654320987654, "H": 30, "W": 54, "xTile": 5605, "yTile": 5545, "class": 28}, "29": {"area": 1943.0, "perimeter": 192.0, "circleness": 0.46414353802568076, "rectangleness": 0.9524509803921568, "H": 30, "W": 68, "xTile": 10158, "yTile": 5510, "class": 28}, "30": {"area": 13200.0, "perimeter": 560.0, "circleness": 0.3232056576098098, "rectangleness": 0.9791558489726282, "H": 61, "W": 221, "xTile": 2028, "yTile": 5499, "class": 45}, "31": {"area": 2356.0, "perimeter": 200.0, "circleness": 0.5672709930435773, "rectangleness": 0.9588929588929589, "H": 39, "W": 63, "xTile": 8363, "yTile": 5467, "class": 39}, "32": {"area": 1152.0, "perimeter": 136.0, "circleness": 0.6322226130784613, "rectangleness": 0.9434889434889435, "H": 33, "W": 37, "xTile": 9590, "yTile": 5388, "class": 40}, "33": {"area": 1769.0, "perimeter": 180.0, "circleness": 0.4937181555001111, "rectangleness": 0.9510752688172043, "H": 30, "W": 62, "xTile": 8804, "yTile": 5288, "class": 28}, "34": {"area": 1254.0, "perimeter": 142.0, "circleness": 0.6303300627137864, "rectangleness": 0.9457013574660633, "H": 34, "W": 39, "xTile": 9445, "yTile": 5221, "class": 40}, "35": {"area": 1961.0, "perimeter": 180.0, "circleness": 0.5976068759313597, "rectangleness": 0.9556530214424951, "H": 38, "W": 54, "xTile": 10524, "yTile": 5164, "class": 2}, "36": {"area": 6923.0, "perimeter": 408.0, "circleness": 0.3174143462142718, "rectangleness": 0.9712401795735129, "H": 44, "W": 162, "xTile": 10702, "yTile": 5130, "class": 28}, "37": {"area": 1590.0, "perimeter": 166.0, "circleness": 0.5458163475906819, "rectangleness": 0.9498207885304659, "H": 31, "W": 54, "xTile": 5356, "yTile": 5014, "class": 2}, "38": {"area": 960.0, "perimeter": 124.0, "circleness": 0.6352889545566688, "rectangleness": 0.9384164222873901, "H": 31, "W": 33, "xTile": 7942, "yTile": 4980, "class": 40}, "39": {"area": 1564.0, "perimeter": 160.0, "circleness": 0.6085966670265323, "rectangleness": 0.9507598784194529, "H": 35, "W": 47, "xTile": 9192, "yTile": 4911, "class": 40}, "40": {"area": 2144.0, "perimeter": 198.0, "circleness": 0.4951577220971372, "rectangleness": 0.9554367201426025, "H": 33, "W": 68, "xTile": 5317, "yTile": 4904, "class": 1}, "41": {"area": 3465.0, "perimeter": 244.0, "circleness": 0.5546573780937885, "rectangleness": 0.9657190635451505, "H": 46, "W": 78, "xTile": 8328, "yTile": 4864, "class": 2}, "42": {"area": 3040.0, "perimeter": 236.0, "circleness": 0.4934499903200036, "rectangleness": 0.9623298512187402, "H": 39, "W": 81, "xTile": 0, "yTile": 4855, "class": 43}, "43": {"area": 1102.0, "perimeter": 134.0, "circleness": 0.6140459675794633, "rectangleness": 0.9418803418803419, "H": 30, "W": 39, "xTile": 8968, "yTile": 4765, "class": 40}, "44": {"area": 2774.0, "perimeter": 222.0, "circleness": 0.5214736445803686, "rectangleness": 0.9611919611919612, "H": 39, "W": 74, "xTile": 5392, "yTile": 4756, "class": 28}, "45": {"area": 1508.0, "perimeter": 162.0, "circleness": 0.5416157982967963,