{"0": {"x": -22524.732421875, "y": 40902.65625, "xTile": 3936, "yTile": 7016, "H": 52, "W": 52, "class": 0}, "1": {"x": -22440.9609375, "y": 41102.22265625, "xTile": 5914, "yTile": 2310, "H": 16, "W": 24, "class": 0}, "2": {"x": -22440.029296875, "y": 41102.22265625, "xTile": 5936, "yTile": 2310, "H": 12, "W": 28, "class": 0}, "3": {"x": -22442.359375, "y": 41101.375, "xTile": 5881, "yTile": 2330, "H": 149, "W": 169, "class": 35}, "4": {"x": -22437.826171875, "y": 41097.55859375, "xTile": 5988, "yTile": 2420, "H": 30, "W": 42, "class": 0}, "5": {"x": -22455.65625, "y": 41096.41015625, "xTile": 5567, "yTile": 2447, "H": 106, "W": 91, "class": 36}, "6": {"x": -22456.927734375, "y": 41095.859375, "xTile": 5537, "yTile": 2460, "H": 110, "W": 84, "class": 0}}